,Silhouette_celltype,ARI,NMI
Harmony,0.27526241540908813,1.0,1.0
scVI,-0.014866113662719727,0.35224095697037705,0.6259816941979204
