,Silhouette_celltype,ARI,NMI,graph_iLISI
Harmony,0.27526241540908813,1.0,1.0,1.0
scVI,-0.014866113662719727,0.35224095697037705,0.6259816941979204,1.0289512550987696
scAtlasVAE,-0.023269152268767357,0.32059103083353285,0.5974740648927904,1.0
